dropout,kernels,lr,weight_decay,scheduler,best_epoch,val_loss,val_acc
0.3,"(2, 3, 4)",0.001,0.0,True,19,0.5237,0.77
0.3,"(2, 3, 4)",0.001,0.0,False,14,0.5251,0.758
0.3,"(2, 3, 4, 5)",0.001,0.0,False,13,0.5396,0.749
0.3,"(2, 3, 4, 5)",0.001,0.0,True,13,0.542,0.754
0.5,"(2, 3, 4, 5)",0.001,0.0,False,19,0.5505,0.742
0.5,"(2, 3, 4, 5)",0.001,0.0,True,20,0.5526,0.754
0.5,"(2, 3, 4)",0.001,0.0,False,19,0.5678,0.746
0.6,"(2, 3, 4, 5)",0.001,0.0,False,19,0.5695,0.749
0.5,"(2, 3, 4)",0.001,0.0,True,19,0.5696,0.739
0.6,"(2, 3, 4, 5)",0.001,0.0,True,19,0.5729,0.737
0.6,"(2, 3, 4)",0.001,0.0,True,19,0.5917,0.706
0.6,"(2, 3, 4)",0.001,0.0,False,19,0.5921,0.697
