dropout,hidden_dim,lr,weight_decay,scheduler,best_epoch,val_loss,val_acc
0.6,64,0.001,0.001,False,13,0.7037,0.69
0.6,64,0.001,0.0001,False,10,0.7079,0.692
0.5,64,0.001,0.0001,False,8,0.708,0.697
0.5,64,0.001,0.001,False,13,0.7168,0.678
0.6,128,0.001,0.001,False,10,0.7183,0.711
0.6,64,0.001,0.0,False,8,0.7211,0.699
0.5,128,0.001,0.001,False,11,0.7264,0.699
0.5,128,0.001,0.0001,False,5,0.7371,0.678
0.5,64,0.001,0.0,False,8,0.7392,0.682
0.6,128,0.001,0.0001,False,7,0.7421,0.68
0.6,128,0.001,0.0,False,8,0.7506,0.706
0.5,128,0.001,0.0,False,5,0.77,0.659
